<?xml version="1.0" encoding="UTF-8"?>
<configuration>
  <property>
    <name>javax.jdo.option.ConnectionURL</name>
    <value>jdbc:derby:;databaseName=/opt/hive-metastore/metastore_db;create=true</value>
    <description>Metastore connection URL</description>
  </property>

  <property>
    <name>javax.jdo.option.ConnectionDriverName</name>
    <value>org.apache.derby.jdbc.EmbeddedDriver</value>
  </property>

  <property>
    <name>hive.metastore.warehouse.dir</name>
    <value>hdfs://namenode/user/hive/warehouse</value>
  </property>

  <property>
    <name>hive.execution.engine</name>
    <value>mr</value>
  </property>

  <property>
    <name>datanucleus.schema.autoCreateAll</name>
    <value>true</value>
  </property>
</configuration>
